key,volume,num_txs
0xA57ADCE1d2fE72949E4308867D894CD7E7DE0ef2,1.0038869380950928,9
0xA57ADCE1d2fE72949E4308867D894CD7E7DE0ef2,0.0,6
0x9d1af7EC1DC4486768E6c9e113fA412bA70DF7Cd,0.8023708462715149,2
0x13D45b450C86Fc1bEAc9D0CB7d3CDF135f22a1e5,0.0,1
0xd700d918DC28e37f2B103ab2241208DbdE3Ef416,0.0,1
0xD7a73a2e872098a341d69172956e074C237c6F10,0.0,1
